INSERT INTO users(user_id,user_name,email,user_password,user_weight,user_height,user_birth,user_photo,training_weekly_time_goal) VALUES(1,'test','test@admin.com','test',60,170,'2000-01-01','/images/jobs.png','02:00:00'),(2,'admin','admin@admin.com','admin',50,160,'2000-01-01','/images/jobs.png','02:00:00'),(3,'test2','test2@admin.com','test2',60,170,'2000-01-01','/images/jobs.png','02:00:00'),(4,'test3','test3@admin.com','test3',60,170,'2000-01-01','/images/jobs.png','02:00:00'),(5,'a','test5@admin.com','$2b$10$gZALjUWLchNRGi1ZQmV6MeLtYIsbt5oZjpa2lbB8j9fQBmE.nA5Om',60,170,'2000-01-01','/images/jobs.png','02:00:00'),(6,'test4','test4@admin.com','test4',60,170,'2000-01-01','/images/jobs.png','02:00:00'),(7,'SilnyMaciej','silny.maciej@pocztaTaka.pl','$2b$10$fFLkF/J3gMjou8gFoO58LespMygAuo935Gf1DwKt1NAtZo6u8PAe.',22,180,'1999-10-01','/images/profil_icons/2.png','02:00:00'),(8,'superKarko','superKaro@poczta.pl','$2b$10$blwM83iqo5nUe7MArXhVBuD0W9y60AhRlUuFk/Yn6nhJbl3t.QsMC',NULL,NULL,NULL,'/images/profil_icons/6.png','02:00:00');

INSERT INTO training_sets(set_id,set_duration,set_author_id,set_name,set_description,set_photo,kcal,series) VALUES(1,'00:06:34',1,'trening','opis',NULL,18,1),(2,'00:24:12',3,'trening','opis',NULL,53,1),(3,'00:01:54',1,'trening','opis',NULL,10,1),(4,'00:06:34',2,'trening','opis',NULL,18,1),(6,'00:01:54',5,'trening','opis',NULL,11,1),(7,'00:26:20',2,'trening','opis',NULL,134,1),(8,'00:13:26',5,'trening','opis',NULL,80,1),(9,'00:11:30',4,'trening','opis',NULL,68,1),(12,'00:00:24',7,'Kolejny trening :)','',NULL,7,1),(13,'01:40:00',7,'deska','',NULL,600,1),(14,'16:40:10',7,'Inny trening','',NULL,6000,1),(15,'00:00:30',7,'trening krzesełko','',NULL,1,1),(17,'00:10:00',8,'Ćwiczenia rozgrzewkowe','Rozgrzewka to obowiązkowa część każdego treningu, dzięki niej przygotujesz ciało do treningu i zmniejszysz ryzyko kontuzji.',NULL,34,2),(18,'00:12:30',8,'Ćwiczenia rozciągające','Rozciąganie to nieodłączna część każdego treningu, chroni przed kontuzjami i urazami, a ponadto pozwala zwiększyć siłę mięśni.',NULL,12,3),(19,'00:13:00',8,'Ćwiczenia na mięśnie brzucha','Ćwiczenia wzmacniające brzuch pozwolą ci wyrzeźbić tą partię ciała i spalić tłuszcz. Mocny brzuch gra ważną rolę w utrzymywaniu prawidłowej pozycji ciała.',NULL,30,4),(20,'00:19:30',8,'Ćwiczenia na mięśnie nóg','Ten zestaw treningowy pozwoli ci wysmuklić nogi i wzmocnić mięśnie łydek, ud i pośladków.\r\n\r\n',NULL,37,3);


INSERT INTO training_categories(category,kcal_per_hour) VALUES('bieganie',620),('custom',NULL),('jazda na nartach',500),('jazda na rolkach',700),('jazda na rowerze',500),('joga',175),('pływanie',750),('skakanie na skakance',350),('trekking',440);


INSERT INTO single_excercises(excercise_id,excercise_name,excercise_duration,excercise_description,kcal_per_100) VALUES(1,'przysiady','00:00:04','Stajemy w rozkroku i robimy przysiad, plecy trzymamy w pozycji prostej i uważamy, żeby kolana nie wyprzedzały lini stóp, napinamy mięsnie pośladków i brzucha',32),(2,'przysiady z wyskokiem','00:00:05','Stajemy w rozkroku i robimy przysiad, plecy utrzymamy w pozycji prostej i uważamy, żeby kolana nie wyprzedzały linii stóp, napinamy mięsnie pośladków i brzucha. Przy wyjściu do góry dodatkowo robimy wspięcie na palce',40),(3,'przysiady ze wspięciem na palce','00:00:04','Stajemy w rozkroku i robimy przysiad, plecy trzymamy w pozycji prostej i uważamy, żeby kolana nuie wyprzedzały lini stóp, napinamy mięsnie pośladków i brzucha. Przy wyjściu do góry robimy wyskok i lądujemy w przysiadzie',40),(4,'krzesełko, czas: 0,5 min','00:00:30','Opieramy plecy o ścianę, stopy rozstawione na szerokość bioder, kolana zgięte do 90 stopni, ręce wyciągnięte przed siebie. Utrzymujemy pozycję napinając mięśnie pośladkowe i brzucha',100),(5,'wykrok do przodu','00:00:05','Pozycja wyjściowa: Stanie w szerokim rozkroku, jedna noga zgięta w kolanie ustawiona do przodu; tułów wyprostowany, lekko pochylony do przodu. Kucamy raz na jedno kolano, raz na drugie',30),(6,'pompki','00:00:02','Ustawiamy się w pozycji deski wysokiej, czyli w podporze przodem, ręce są rozstawione na szerokość barków, a dłonie znajdują się dokładnie pod nimi. Uginamy ręce w łokciach, utrzymując napięte całe ciało. Następnie prostujemy ręce. Przy tym ćwiczeniu ważne jest, aby dłonie trzymać ułożone w kierunku głowy, a nie na skos',30),(7,'pompki na pięściach','00:00:02','Ustawiamy się w pozycji deski wysokiej, czyli w podporze przodem, ręce są rozstawione na szerokość barków, a dłonie zaciśnięte w pięści znajdują się dokładnie pod nimi. Uginamy ręce w łokciach utrzymując napięte całe ciało. Następnie prostujemy ręce. Przy tym ćwiczeniu ważne jest, aby dłonie trzymać ułożone w kierunku głowy, a nie na skos',60),(8,'deska wysoka, czas: 1 min','00:01:00','Ustawiamy się w podporze przodem, ręce wyprostowane rozstawione na szerokość barków tworzą z ciałem kąt 90 stopni, plecy wyprostowane, napięte mięśnie pleców i brzucha. Utrzymujemy ciało w tej pozycji określony czas',600),(9,'deska na przedramionach, czas: 1 min','00:01:00','Ustawiamy się w podporze przodem na przedramionach. Ręce rozstawione na szerokość barków tworzą z ciałem kąt 90 stopni, plecy wyprostowane, napięte mięśnie pleców i brzucha. Utrzymujemy ciało w tej pozycji określony czas',600),(10,'skręty tułowia','00:00:01','Ćwiczenie rozpocznij stojąc w rozkroku. Nogi na szerokość ramion. Unieś ręce do boku równolegle do podłoża. Wykonaj skręt tułowia w prawo i w lewo.',25),(11,'nożyce pionowe','00:00:02','Kładziemy się na plecach, nogi wyprostowane, ręce ukladamy wzdłóż ciała lub pod pośladkami. Unosimy głowę, spinamy brzuch, a nstępnie unosimy nogi kilka centymetrów nad ziemię, krzyżujemy je naprzeminnie w poziommie, utrzymując spięty brzuch i odcinek lędźwiowy kręgosłupa \"przeklejony\" do podłoża',50),(12,'nożyce poziome','00:00:02','Kładziemy się na plecach, nogi wyprostowane, ręce ukladamy wzdłóż ciała lub pod pośladkami. Unosimy głowę, spinamy brzuch, a nstępnie unosimy nogi kilka centymetrów nad ziemię, krzyżujemy je naprzeminnie w pionie utrzymując spięty brzuch i odcinek lędźwiowy kręgosłupa \"przeklejony\" do podłoża',50),(13,'brzuszki','00:00:01','Pozycja wyjściowa: kładziemy się na podłodze, nogi ugięte w kolanach, ręce zakładamy za głowę, patrzymy przed siebie. Unosimy głowę i barki kilka centymetrów nad ziemię, odcinek lędźwiowy kręgosłupa \"przyklejony\" do podłogi, opuszczamy głowę ',30),(14,'brzuszki ze skrętem','00:00:01','Pozycja wyjściowa: kładziemy się na podłodze, nogi ugięte w kolanach, ręce zakładamy za głowę, patrzymy przed siebie. Unosimy głowę i barki kilka centymetrów nad ziemię, odcinek lędźwiowy kręgosłupa \"przyklejony\" do podłogi. Podnosimy jedną nowę i dotykamy ją przeciwległym łokciem. Opuszczamy głowę i ręce. To samo robimy z drugą nogą i ręką ',30),(15,'brzuszki z unoszeniem nóg','00:00:01','Pozycja wyjściowa: kładziemy się na podłodze, nogi wyprostowane, ręce zakładamy za głowę, patrzymy przed siebie. Unosimy głowę, barki i nogi kilka centymetrów nad ziemię, odcinek lędźwiowy kręgosłupa \"przyklejony\" do podłogi, opuszczamy głowę, nogi utrzymujemy w powietrzu ',40),(16,'skłony skośne w siadzie rozkrocznym','00:00:05','Pozycja wyjściowa: Siad rozkroczny , ręce w górze. Skłon do prawej nogi, do środka, do lewej nogi, powrót do pozycji wyjściowej',15),(17,'skłony w przód','00:00:05','Pozycja wyjściowa: Siad z nogami równolegle do siebie, złączonymi w stopach; stopy pionowo do góry. Pochylamy tułów w przód, ramiona wyprostowujemy w kierunku stóp (wytrzymujemy 5-10 sekund) , powrót do pozycji wyjściowej',15),(18,'ukłon japoński, czas: 0,5 min','00:00:30','Siadamy na piętach. Stopy są złączone, a kolana szeroko. Przechodzimy dłońmi do przodu. Wyciągamy wyprostowane ramiona w górę i odłóż czoło na macie. Zatrzymujemy się w tej pozycji głęboko oddychając',40),(19,'przyciąganie nogi do pośladka','00:00:10','Pozycja wyjściowa: Stanie na jednej nodze (najlepiej z podparciem), druga noga ugięta w kolanie. Chwytamy ręką za stopę w kostce i przyciągamy ugiętą nogę maksymalnie do góry zmieniamy nogę (lewa noga - lewa ręka, prawa noga - prawa ręka)',20),(20,'skrętoskłony','00:00:01','Stajemy w szerokim rozkroku, pochylamy się trzymając wyprostowane plecy i ręce wyciągnięte w bok. Sięgamy naprzemiennie do jednej i drugiej stopy, patrząc za ręką idącą ku górze',15),(21,'motyl, czas: 1 min','00:01:00','Pozycja wyjściowa: Nogi w ?motylka\" (stopa dotyka stopy, nogi ugięte w stawach kolanowych), dłonie na wewnętrznej stronie ud. dłońmi dociskamy kolana do podłoża i wytrzymujemy 5-10 sekund',20),(22,'pajacyki','00:00:01','Podskakujemy z rostawieniem nóg w rozkrok, razem z nogami robimy wymach oburącz ku górze z klaśniecięm nad głową',20),(23,'burpeesy','00:00:03','Wyskakujemy z uniesieniem rąk do góry, a następnie kucamy i wyrzucamy oby dwie nogi w tył do pozycji wysokiej deski, wracamy nogami i ponowny wyskok w górę. Aby utrudnić ćwiczenie, robimy pompkę gdy znajdziemy się w pozycji deski.',50),(24,'wymachy ramionami w przód','00:00:01','Stajemy w lekkim rozkroku i wykonujemy wymachy wyprostowanymi rękami w przód, oburącz lub naprzeminnie. Plecy trzymamy prosto, brzuch napięty',15),(25,'wymachy ramionami w tył','00:00:01','Stajemy w lekkim rozkroku i wykonujemy wymachy wyprostowanymi rękami w tył, oburącz lub naprzeminnie. Plecy trzymamy prosto, brzuch napięty',15);


INSERT INTO set_excercise(excercise_id,set_id,excercise_repetiton,excercise_order) VALUES(2,1,10,1),(3,1,1,2),(4,1,10,3),(1,1,10,4),(4,2,15,1),(6,2,1,2),(2,2,20,3),(4,2,30,4),(5,3,10,1),(3,3,1,2),(1,3,10,3),(6,3,10,4),(2,4,10,1),(3,4,1,2),(4,4,10,3),(1,4,10,4),(1,6,10,1),(3,6,1,2),(6,6,10,3),(2,6,10,4),(8,7,10,1),(4,7,1,2),(8,7,10,3),(5,7,10,4),(4,7,10,5),(5,8,10,1),(3,8,1,2),(2,8,10,3),(7,8,10,4),(1,8,20,5),(8,8,10,6),(2,9,10,1),(7,8,1,2),(9,9,10,3),(3,9,10,4),(11,12,1,1),(14,12,6,2),(7,12,8,3),(9,13,100,1),(16,14,2,1),(9,14,1000,2),(4,15,1,1),(23,17,10,1),(20,17,20,2),(22,17,30,3),(5,17,10,4),(1,17,20,5),(24,17,15,6),(25,17,15,7),(9,17,1,8),(10,18,20,1),(20,18,20,2),(21,18,1,3),(16,18,10,4),(17,18,10,5),(19,18,5,6),(23,19,15,1),(13,19,10,2),(14,19,10,3),(15,19,10,4),(8,19,1,5),(9,19,1,6),(1,20,20,1),(3,20,10,2),(2,20,10,3),(5,20,20,4),(4,20,1,5),(23,20,20,6),(22,20,30,7);
